<?xml version="1.0"?>
<doc>
    <assembly>
        <name>ArmoniK.Extension.CSharp.Client</name>
    </assembly>
    <members>
        <member name="T:System.Runtime.CompilerServices.IsExternalInit">
            <summary>
                Reserved to be used by the compiler for tracking metadata.
                This class should not be used by developers in source code.
            </summary>
            <remarks>
                This definition is provided by the <i>IsExternalInit</i> NuGet package (https://www.nuget.org/packages/IsExternalInit).
                Please see https://github.com/manuelroemer/IsExternalInit for more information.
            </remarks>
        </member>
        <member name="T:ArmoniK.Extension.CSharp.Client.ArmoniKClient">
            <summary>
              Provides a client for interacting with the ArmoniK services, including blob, session, task, event, health check,
              partition, and version services.
            </summary>
        </member>
        <member name="F:ArmoniK.Extension.CSharp.Client.ArmoniKClient.TaskConfiguration">
            <summary>
              The default task option used in a section
            </summary>
        </member>
        <member name="M:ArmoniK.Extension.CSharp.Client.ArmoniKClient.#ctor(ArmoniK.Extension.CSharp.Client.Common.Properties,Microsoft.Extensions.Logging.ILoggerFactory,ArmoniK.Extension.CSharp.Client.Common.Domain.Task.TaskConfiguration)">
            <summary>
              Initializes a new instance of the <see cref="T:ArmoniK.Extension.CSharp.Client.ArmoniKClient" /> class with the specified properties and logger
              factory.
            </summary>
            <param name="properties">The properties for configuring the client.</param>
            <param name="loggerFactory">The factory for creating loggers.</param>
            <param name="taskConfiguration">The default task configuration</param>
            <exception cref="T:System.ArgumentNullException">Thrown when properties or loggerFactory is null.</exception>
        </member>
        <member name="P:ArmoniK.Extension.CSharp.Client.ArmoniKClient.ChannelPool">
            <summary>
              Gets the channel pool used for managing GRPC channels.
            </summary>
        </member>
        <member name="M:ArmoniK.Extension.CSharp.Client.ArmoniKClient.GetBlobService">
            <summary>
              Gets the blob service.
            </summary>
            <returns>A task representing the asynchronous operation. The task result contains the blob service instance.</returns>
        </member>
        <member name="M:ArmoniK.Extension.CSharp.Client.ArmoniKClient.GetSessionService">
            <summary>
              Gets the session service.
            </summary>
            <returns>A task representing the asynchronous operation. The task result contains the session service instance.</returns>
        </member>
        <member name="M:ArmoniK.Extension.CSharp.Client.ArmoniKClient.GetSessionService(ArmoniK.Extension.CSharp.Client.Common.Domain.Task.TaskConfiguration)">
            <summary>
              Gets the session service.
            </summary>
            <returns>A task representing the asynchronous operation. The task result contains the session service instance.</returns>
        </member>
        <member name="M:ArmoniK.Extension.CSharp.Client.ArmoniKClient.GetTasksService">
            <summary>
              Gets the tasks service.
            </summary>
            <returns>A task representing the asynchronous operation. The task result contains the tasks service instance.</returns>
        </member>
        <member name="M:ArmoniK.Extension.CSharp.Client.ArmoniKClient.GetEventsService">
            <summary>
              Gets the events service.
            </summary>
            <returns>A task representing the asynchronous operation. The task result contains the events service instance.</returns>
        </member>
        <member name="M:ArmoniK.Extension.CSharp.Client.ArmoniKClient.GetVersionService">
            <summary>
              Gets the version service.
            </summary>
            <returns>A task representing the asynchronous operation. The task result contains the version service instance.</returns>
        </member>
        <member name="M:ArmoniK.Extension.CSharp.Client.ArmoniKClient.GetPartitionsService">
            <summary>
              Gets the partitions service.
            </summary>
            <returns>A task representing the asynchronous operation. The task result contains the partitions service instance.</returns>
        </member>
        <member name="M:ArmoniK.Extension.CSharp.Client.ArmoniKClient.GetHealthCheckService">
            <summary>
              Gets the health check service.
            </summary>
            <returns>A task representing the asynchronous operation. The task result contains the health check service instance.</returns>
        </member>
        <member name="M:ArmoniK.Extension.CSharp.Client.ArmoniKClient.GetBlobHandler(ArmoniK.Extension.CSharp.Client.Common.Domain.Blob.BlobInfo)">
            <summary>
              Gets a blob handler for the specified blob information.
            </summary>
            <param name="blobInfo">The blob information.</param>
            <returns>A task representing the asynchronous operation. The task result contains the blob handler instance.</returns>
        </member>
        <member name="M:ArmoniK.Extension.CSharp.Client.ArmoniKClient.GetTaskHandler(ArmoniK.Extension.CSharp.Client.Common.Domain.Task.TaskInfos)">
            <summary>
              Gets a task handler for the specified task information.
            </summary>
            <param name="taskInfos">The task information.</param>
            <returns>A task representing the asynchronous operation. The task result contains the task handler instance.</returns>
        </member>
        <member name="M:ArmoniK.Extension.CSharp.Client.ArmoniKClient.GetSessionHandler(ArmoniK.Extension.CSharp.Client.Common.Domain.Session.SessionInfo)">
            <summary>
              Gets a session handler for the specified session information.
            </summary>
            <param name="session">The session information.</param>
            <returns>A task representing the asynchronous operation. The task result contains the session handler instance.</returns>
        </member>
        <member name="T:ArmoniK.Extension.CSharp.Client.Common.ClientServiceConnector">
            <summary>
              ClientServiceConnector is the class to connection to the control plane with different
              like address,port, insecure connection, TLS, and mTLS
            </summary>
        </member>
        <member name="M:ArmoniK.Extension.CSharp.Client.Common.ClientServiceConnector.ControlPlaneConnectionPool(ArmoniK.Extension.CSharp.Client.Common.Properties,Microsoft.Extensions.Logging.ILoggerFactory)">
            <summary>
              Create a connection pool to the control plane with mTLS authentication
            </summary>
            <param name="properties">Configuration Properties</param>
            <param name="loggerFactory">Optional logger factory</param>
            <returns>The connection pool</returns>
        </member>
        <member name="T:ArmoniK.Extension.CSharp.Client.Common.Domain.Blob.BlobInfo">
            <summary>
              Represents information that minimally defines a blob.
            </summary>
        </member>
        <member name="P:ArmoniK.Extension.CSharp.Client.Common.Domain.Blob.BlobInfo.SessionId">
            <summary>
              Session ID associated with the blob.
            </summary>
        </member>
        <member name="P:ArmoniK.Extension.CSharp.Client.Common.Domain.Blob.BlobInfo.BlobName">
            <summary>
              Name of the blob.
            </summary>
        </member>
        <member name="P:ArmoniK.Extension.CSharp.Client.Common.Domain.Blob.BlobInfo.BlobId">
            <summary>
              Blob unique identifier.
            </summary>
        </member>
        <member name="T:ArmoniK.Extension.CSharp.Client.Common.Domain.Blob.BlobPagination">
            <summary>
              Provides pagination capabilities for listing blobs, including sorting and filtering functionalities.
            </summary>
        </member>
        <member name="T:ArmoniK.Extension.CSharp.Client.Common.Domain.Blob.BlobPage">
            <summary>
              Represents a page of blob information in a paginated list.
            </summary>
        </member>
        <member name="P:ArmoniK.Extension.CSharp.Client.Common.Domain.Blob.BlobPage.TotalPages">
            <summary>
              Total number of pages available.
            </summary>
        </member>
        <member name="P:ArmoniK.Extension.CSharp.Client.Common.Domain.Blob.BlobPage.BlobDetails">
            <summary>
              Details of the blob on this page.
            </summary>
        </member>
        <member name="T:ArmoniK.Extension.CSharp.Client.Common.Domain.Blob.BlobState">
            <summary>
              Represents the state of a blob.
            </summary>
        </member>
        <member name="P:ArmoniK.Extension.CSharp.Client.Common.Domain.Blob.BlobState.CompletedAt">
            <summary>
              Datetime when the blob was set to status completed.
            </summary>
        </member>
        <member name="P:ArmoniK.Extension.CSharp.Client.Common.Domain.Blob.BlobState.CreateAt">
            <summary>
              Datetime when the blob was created.
            </summary>
        </member>
        <member name="P:ArmoniK.Extension.CSharp.Client.Common.Domain.Blob.BlobState.Status">
            <summary>
              Current status of the blob.
            </summary>
        </member>
        <member name="T:ArmoniK.Extension.CSharp.Client.Common.Domain.Blob.BlobStatus">
            <summary>
              Defines the various statuses that a blob can have.
            </summary>
        </member>
        <member name="F:ArmoniK.Extension.CSharp.Client.Common.Domain.Blob.BlobStatus.Unspecified">
            <summary>
              Blob is in an unspecified state.
            </summary>
        </member>
        <member name="F:ArmoniK.Extension.CSharp.Client.Common.Domain.Blob.BlobStatus.Created">
            <summary>
              Blob is created and the task is created, submitted, or dispatched.
            </summary>
        </member>
        <member name="F:ArmoniK.Extension.CSharp.Client.Common.Domain.Blob.BlobStatus.Completed">
            <summary>
              Blob is completed with a completed task.
            </summary>
        </member>
        <member name="F:ArmoniK.Extension.CSharp.Client.Common.Domain.Blob.BlobStatus.Aborted">
            <summary>
              Blob is aborted.
            </summary>
        </member>
        <member name="F:ArmoniK.Extension.CSharp.Client.Common.Domain.Blob.BlobStatus.Deleted">
            <summary>
              Blob was deleted.
            </summary>
        </member>
        <member name="F:ArmoniK.Extension.CSharp.Client.Common.Domain.Blob.BlobStatus.Notfound">
            <summary>
              NOTFOUND is encoded as 127 to make it small while still leaving enough room for future status extensions.
              See https://developers.google.com/protocol-buffers/docs/proto3#enum.
            </summary>
        </member>
        <member name="T:ArmoniK.Extension.CSharp.Client.Common.Domain.Health.Health">
            <summary>
              Represents the health status of a component.
            </summary>
        </member>
        <member name="P:ArmoniK.Extension.CSharp.Client.Common.Domain.Health.Health.Name">
            <summary>
              Name of the component.
            </summary>
        </member>
        <member name="P:ArmoniK.Extension.CSharp.Client.Common.Domain.Health.Health.Message">
            <summary>
              Message providing additional details about the health status.
            </summary>
        </member>
        <member name="P:ArmoniK.Extension.CSharp.Client.Common.Domain.Health.Health.Status">
            <summary>
              Current health status of the component.
            </summary>
        </member>
        <member name="T:ArmoniK.Extension.CSharp.Client.Common.Domain.Health.HealthStatusEnum">
            <summary>
              Defines the health status values for a component.
            </summary>
        </member>
        <member name="F:ArmoniK.Extension.CSharp.Client.Common.Domain.Health.HealthStatusEnum.Unspecified">
            <summary>
              The health status is unspecified.
            </summary>
        </member>
        <member name="F:ArmoniK.Extension.CSharp.Client.Common.Domain.Health.HealthStatusEnum.Healthy">
            <summary>
              The service is working without issues.
            </summary>
        </member>
        <member name="F:ArmoniK.Extension.CSharp.Client.Common.Domain.Health.HealthStatusEnum.Degraded">
            <summary>
              The service has issues but still works.
            </summary>
        </member>
        <member name="F:ArmoniK.Extension.CSharp.Client.Common.Domain.Health.HealthStatusEnum.Unhealthy">
            <summary>
              The service does not work.
            </summary>
        </member>
        <member name="T:ArmoniK.Extension.CSharp.Client.Common.Domain.Partition.Partition">
            <summary>
              Represents a partition within a ArmoniK, detailing its configuration, resource allocation, and
              hierarchy.
            </summary>
        </member>
        <member name="P:ArmoniK.Extension.CSharp.Client.Common.Domain.Partition.Partition.Id">
            <summary>
              Identifier of the partition.
            </summary>
        </member>
        <member name="P:ArmoniK.Extension.CSharp.Client.Common.Domain.Partition.Partition.ParentPartitionIds">
            <summary>
              Collection of identifiers for parent partitions.
            </summary>
        </member>
        <member name="P:ArmoniK.Extension.CSharp.Client.Common.Domain.Partition.Partition.PodConfiguration">
            <summary>
              Configuration settings for pods within the partition, represented as key-value pairs.
            </summary>
        </member>
        <member name="P:ArmoniK.Extension.CSharp.Client.Common.Domain.Partition.Partition.PodMax">
            <summary>
              Maximum number of pods that can be allocated to this partition.
            </summary>
        </member>
        <member name="P:ArmoniK.Extension.CSharp.Client.Common.Domain.Partition.Partition.PodReserved">
            <summary>
              Number of pods that are reserved for this partition.
            </summary>
        </member>
        <member name="P:ArmoniK.Extension.CSharp.Client.Common.Domain.Partition.Partition.PreemptionPercentage">
            <summary>
              Percentage of the partition's capacity that is subject to preemption.
            </summary>
        </member>
        <member name="P:ArmoniK.Extension.CSharp.Client.Common.Domain.Partition.Partition.Priority">
            <summary>
              Priority of the partition, which may influence scheduling decisions.
            </summary>
        </member>
        <member name="T:ArmoniK.Extension.CSharp.Client.Common.Domain.Partition.PartitionPagination">
            <summary>
              Provides pagination capabilities for partition listings, including sorting and filtering functionalities.
            </summary>
        </member>
        <member name="T:ArmoniK.Extension.CSharp.Client.Common.Domain.Session.SessionInfo">
            <summary>
              Represents session information, specifically encapsulating a session identifier.
            </summary>
        </member>
        <member name="F:ArmoniK.Extension.CSharp.Client.Common.Domain.Session.SessionInfo.SessionId">
            <summary>
              Identifier of the session.
            </summary>
        </member>
        <member name="M:ArmoniK.Extension.CSharp.Client.Common.Domain.Session.SessionInfo.#ctor(System.String)">
            <summary>
              Initializes a new instance of the <see cref="T:ArmoniK.Extension.CSharp.Client.Common.Domain.Session.SessionInfo" /> record with a specified session identifier.
            </summary>
            <param name="sessionId">The unique identifier for the session.</param>
        </member>
        <member name="T:ArmoniK.Extension.CSharp.Client.Common.Domain.Task.TaskConfiguration">
            <summary>
              Configuration settings for a task, including retry policies, priorities, partitioning details, and
              application-specific configurations.
            </summary>
        </member>
        <member name="M:ArmoniK.Extension.CSharp.Client.Common.Domain.Task.TaskConfiguration.#ctor">
            <summary>
            </summary>
        </member>
        <member name="M:ArmoniK.Extension.CSharp.Client.Common.Domain.Task.TaskConfiguration.#ctor(System.Int32,System.Int32,System.String,System.TimeSpan,System.Collections.Generic.Dictionary{System.String,System.String})">
            <summary>
              Initializes a new instance of the <see cref="T:ArmoniK.Extension.CSharp.Client.Common.Domain.Task.TaskConfiguration" /> class with specified task configuration
              settings.
            </summary>
            <param name="maxRetries">The maximum number of retries for the task.</param>
            <param name="priority">The priority level of the task.</param>
            <param name="partitionId">The partition identifier for task segregation.</param>
            <param name="maxDuration">The maximum duration allowed for the task to complete.</param>
            <param name="options">Optional additional key-value pairs for further customization.</param>
        </member>
        <member name="P:ArmoniK.Extension.CSharp.Client.Common.Domain.Task.TaskConfiguration.MaxRetries">
            <summary>
              Maximum number of retries for the task.
            </summary>
        </member>
        <member name="P:ArmoniK.Extension.CSharp.Client.Common.Domain.Task.TaskConfiguration.Priority">
            <summary>
              Priority level of the task.
            </summary>
        </member>
        <member name="P:ArmoniK.Extension.CSharp.Client.Common.Domain.Task.TaskConfiguration.PartitionId">
            <summary>
              Partition identifier used for task segregation.
            </summary>
        </member>
        <member name="P:ArmoniK.Extension.CSharp.Client.Common.Domain.Task.TaskConfiguration.Options">
            <summary>
              Key-value pair options for task configuration.
            </summary>
        </member>
        <member name="P:ArmoniK.Extension.CSharp.Client.Common.Domain.Task.TaskConfiguration.MaxDuration">
            <summary>
              Maximum duration allowed for the task to run.
            </summary>
        </member>
        <member name="M:ArmoniK.Extension.CSharp.Client.Common.Domain.Task.TaskConfiguration.ToTaskOptions">
            <summary>
              Converts this <see cref="T:ArmoniK.Extension.CSharp.Client.Common.Domain.Task.TaskConfiguration" /> instance to a <see cref="T:ArmoniK.Api.gRPC.V1.TaskOptions" /> suitable for use with task
              submission.
            </summary>
            <returns>A new <see cref="T:ArmoniK.Api.gRPC.V1.TaskOptions" /> instance populated with the settings from this configuration.</returns>
        </member>
        <member name="T:ArmoniK.Extension.CSharp.Client.Common.Domain.Task.TaskInfos">
            <summary>
              Represents task characteristics that are typically derived from a task.
            </summary>
        </member>
        <member name="M:ArmoniK.Extension.CSharp.Client.Common.Domain.Task.TaskInfos.#ctor(ArmoniK.Api.gRPC.V1.Tasks.SubmitTasksResponse.Types.TaskInfo,System.String)">
            <summary>
              Initializes a new instance of the <see cref="T:ArmoniK.Extension.CSharp.Client.Common.Domain.Task.TaskInfos" /> class with detailed task information from a task and
              session ID.
            </summary>
            <param name="taskInfo">The task information from the task submission response.</param>
            <param name="sessionId">The session ID associated with the task.</param>
        </member>
        <member name="M:ArmoniK.Extension.CSharp.Client.Common.Domain.Task.TaskInfos.#ctor">
            <summary>
              Protected constructor used for inheritance purposes, allowing derived classes to initialize without parameters.
            </summary>
        </member>
        <member name="P:ArmoniK.Extension.CSharp.Client.Common.Domain.Task.TaskInfos.TaskId">
            <summary>
              Identifier of the task.
            </summary>
        </member>
        <member name="P:ArmoniK.Extension.CSharp.Client.Common.Domain.Task.TaskInfos.ExpectedOutputs">
            <summary>
              Collection of expected output IDs.
            </summary>
        </member>
        <member name="P:ArmoniK.Extension.CSharp.Client.Common.Domain.Task.TaskInfos.DataDependencies">
            <summary>
              Collection of data dependencies IDs.
            </summary>
        </member>
        <member name="P:ArmoniK.Extension.CSharp.Client.Common.Domain.Task.TaskInfos.PayloadId">
            <summary>
              Identifier for the payload associated with the task.
            </summary>
        </member>
        <member name="P:ArmoniK.Extension.CSharp.Client.Common.Domain.Task.TaskInfos.SessionId">
            <summary>
              Session ID associated with the task.
            </summary>
        </member>
        <member name="T:ArmoniK.Extension.CSharp.Client.Common.Domain.Task.TaskNode">
            <summary>
              Contains details about data dependencies, payloads, and session-specific configurations for a task.
            </summary>
        </member>
        <member name="P:ArmoniK.Extension.CSharp.Client.Common.Domain.Task.TaskNode.ExpectedOutputs">
            <summary>
              Expected outputs as a list of <see cref="T:ArmoniK.Extension.CSharp.Client.Common.Domain.Blob.BlobInfo" />.
            </summary>
        </member>
        <member name="P:ArmoniK.Extension.CSharp.Client.Common.Domain.Task.TaskNode.DataDependencies">
            <summary>
              Collection of <see cref="T:ArmoniK.Extension.CSharp.Client.Common.Domain.Blob.BlobInfo" /> representing the data dependencies required by the task.
            </summary>
        </member>
        <member name="P:ArmoniK.Extension.CSharp.Client.Common.Domain.Task.TaskNode.DataDependenciesContent">
            <summary>
              Dictionary of data dependencies with their content, where each key is a string identifier and the value is
              the binary content. This represents DataDependencies that were not yet sent to ArmoniK.
            </summary>
        </member>
        <member name="P:ArmoniK.Extension.CSharp.Client.Common.Domain.Task.TaskNode.Payload">
            <summary>
              <see cref="T:ArmoniK.Extension.CSharp.Client.Common.Domain.Blob.BlobInfo" /> for the task's payload.
            </summary>
        </member>
        <member name="P:ArmoniK.Extension.CSharp.Client.Common.Domain.Task.TaskNode.PayloadContent">
            <summary>
              Content of the payload, where the key is a string identifier and the value is the binary content/>.
            </summary>
        </member>
        <member name="P:ArmoniK.Extension.CSharp.Client.Common.Domain.Task.TaskNode.TaskOptions">
            <summary>
              Gets the configuration options for the task, which may be null if no additional configurations are specified.
            </summary>
        </member>
        <member name="P:ArmoniK.Extension.CSharp.Client.Common.Domain.Task.TaskNode.Session">
            <summary>
              Gets the session information associated with the task, encapsulated in a <see cref="T:ArmoniK.Extension.CSharp.Client.Common.Domain.Session.SessionInfo" />.
            </summary>
        </member>
        <member name="T:ArmoniK.Extension.CSharp.Client.Common.Domain.Task.TaskPagination">
            <summary>
              Represents pagination details for tasks, allowing for sorted and filtered lists of tasks.
            </summary>
        </member>
        <member name="T:ArmoniK.Extension.CSharp.Client.Common.Domain.Task.TaskPage">
            <summary>
              Represents a page within a paginated list of tasks, providing basic task status information.
            </summary>
        </member>
        <member name="P:ArmoniK.Extension.CSharp.Client.Common.Domain.Task.TaskPage.TotalTasks">
            <summary>
              Total number of pages available in the paginated list.
            </summary>
        </member>
        <member name="P:ArmoniK.Extension.CSharp.Client.Common.Domain.Task.TaskPage.TasksData">
            <summary>
              List of tuples of unique identifier of the task and its current status.
            </summary>
        </member>
        <member name="T:ArmoniK.Extension.CSharp.Client.Common.Domain.Task.TaskDetailedPage">
            <summary>
              Represents a detailed page within a paginated list of tasks, containing extensive information about a specific
              task.
            </summary>
        </member>
        <member name="P:ArmoniK.Extension.CSharp.Client.Common.Domain.Task.TaskDetailedPage.TotalTasks">
            <summary>
              Total number of pages available in the paginated list.
            </summary>
        </member>
        <member name="P:ArmoniK.Extension.CSharp.Client.Common.Domain.Task.TaskDetailedPage.TaskDetails">
            <summary>
              Detailed state information of the task.
            </summary>
        </member>
        <member name="T:ArmoniK.Extension.CSharp.Client.Common.Domain.Task.TaskState">
            <summary>
              Represents the state of a task at any given moment, extending the TaskInfos.
            </summary>
        </member>
        <member name="M:ArmoniK.Extension.CSharp.Client.Common.Domain.Task.TaskState.#ctor">
            <summary>
              Initializes a new instance of the TaskState class.
            </summary>
        </member>
        <member name="M:ArmoniK.Extension.CSharp.Client.Common.Domain.Task.TaskState.#ctor(System.DateTime,System.DateTime,System.DateTime,ArmoniK.Extension.CSharp.Client.Common.Domain.Task.TaskStatus)">
            <summary>
              Initializes a new instance of the TaskState class with details about task timings and status.
            </summary>
            <param name="createAt">The creation time of the task.</param>
            <param name="endedAt">The end time of the task.</param>
            <param name="startedAt">The start time of the task.</param>
            <param name="status">The status of the task.</param>
        </member>
        <member name="P:ArmoniK.Extension.CSharp.Client.Common.Domain.Task.TaskState.CreateAt">
            <summary>
              Time when the task was created.
            </summary>
        </member>
        <member name="P:ArmoniK.Extension.CSharp.Client.Common.Domain.Task.TaskState.EndedAt">
            <summary>
              Time when the task ended.
            </summary>
        </member>
        <member name="P:ArmoniK.Extension.CSharp.Client.Common.Domain.Task.TaskState.StartedAt">
            <summary>
              Time when the task started.
            </summary>
        </member>
        <member name="P:ArmoniK.Extension.CSharp.Client.Common.Domain.Task.TaskState.Status">
            <summary>
              Current status of the task.
            </summary>
        </member>
        <member name="T:ArmoniK.Extension.CSharp.Client.Common.Domain.Task.TaskStatus">
            <summary>
              Defines the various statuses a task can have through its lifecycle.
            </summary>
        </member>
        <member name="F:ArmoniK.Extension.CSharp.Client.Common.Domain.Task.TaskStatus.Unspecified">
            <summary>
              The task is in an unknown state.
            </summary>
        </member>
        <member name="F:ArmoniK.Extension.CSharp.Client.Common.Domain.Task.TaskStatus.Creating">
            <summary>
              The task is being created in the database.
            </summary>
        </member>
        <member name="F:ArmoniK.Extension.CSharp.Client.Common.Domain.Task.TaskStatus.Submitted">
            <summary>
              The task has been submitted to the queue.
            </summary>
        </member>
        <member name="F:ArmoniK.Extension.CSharp.Client.Common.Domain.Task.TaskStatus.Dispatched">
            <summary>
              The task is dispatched to a worker.
            </summary>
        </member>
        <member name="F:ArmoniK.Extension.CSharp.Client.Common.Domain.Task.TaskStatus.Completed">
            <summary>
              The task is completed.
            </summary>
        </member>
        <member name="F:ArmoniK.Extension.CSharp.Client.Common.Domain.Task.TaskStatus.Error">
            <summary>
              The task is in an error state.
            </summary>
        </member>
        <member name="F:ArmoniK.Extension.CSharp.Client.Common.Domain.Task.TaskStatus.Timeout">
            <summary>
              The task is in timeout state.
            </summary>
        </member>
        <member name="F:ArmoniK.Extension.CSharp.Client.Common.Domain.Task.TaskStatus.Cancelling">
            <summary>
              The task is being cancelled.
            </summary>
        </member>
        <member name="F:ArmoniK.Extension.CSharp.Client.Common.Domain.Task.TaskStatus.Cancelled">
            <summary>
              The task is cancelled.
            </summary>
        </member>
        <member name="F:ArmoniK.Extension.CSharp.Client.Common.Domain.Task.TaskStatus.Processing">
            <summary>
              The task is being processed.
            </summary>
        </member>
        <member name="F:ArmoniK.Extension.CSharp.Client.Common.Domain.Task.TaskStatus.Processed">
            <summary>
              The task is processed.
            </summary>
        </member>
        <member name="F:ArmoniK.Extension.CSharp.Client.Common.Domain.Task.TaskStatus.Retried">
            <summary>
              The task is being retried.
            </summary>
        </member>
        <member name="T:ArmoniK.Extension.CSharp.Client.Common.Domain.Versions.VersionsInfo">
            <summary>
              Record that has the ArmoniK Version Information
            </summary>
        </member>
        <member name="P:ArmoniK.Extension.CSharp.Client.Common.Domain.Versions.VersionsInfo.Core">
            <summary>
              Version of ArmoniK Core
            </summary>
        </member>
        <member name="P:ArmoniK.Extension.CSharp.Client.Common.Domain.Versions.VersionsInfo.Api">
            <summary>
              Version of ArmoniK Api
            </summary>
        </member>
        <member name="T:ArmoniK.Extension.CSharp.Client.Common.Enum.SortDirection">
            <summary>
              Defines the directions in which sorting can be applied.
            </summary>
        </member>
        <member name="F:ArmoniK.Extension.CSharp.Client.Common.Enum.SortDirection.Unspecified">
            <summary>
              Unspecified sort direction. This value should not be used as it does not represent a valid sorting order.
            </summary>
        </member>
        <member name="F:ArmoniK.Extension.CSharp.Client.Common.Enum.SortDirection.Asc">
            <summary>
              Ascending sort order where elements progress from the lowest value to the highest.
            </summary>
        </member>
        <member name="F:ArmoniK.Extension.CSharp.Client.Common.Enum.SortDirection.Desc">
            <summary>
              Descending sort order where elements progress from the highest value to the lowest.
            </summary>
        </member>
        <member name="T:ArmoniK.Extension.CSharp.Client.Common.Generic.Pagination`1">
            <summary>
              Represents a generic pagination model to handle data pagination effectively.
              This class can be used to manage paging information and the data subset filtering.
            </summary>
            <typeparam name="T">The type of data being paginated.</typeparam>
        </member>
        <member name="P:ArmoniK.Extension.CSharp.Client.Common.Generic.Pagination`1.Page">
            <summary>
              The current page number.
            </summary>
            <value>The page number of the current subset.</value>
        </member>
        <member name="P:ArmoniK.Extension.CSharp.Client.Common.Generic.Pagination`1.PageSize">
            <summary>
              The number of items per page.
            </summary>
            <value>The maximum number of items to be displayed on a single page.</value>
        </member>
        <member name="P:ArmoniK.Extension.CSharp.Client.Common.Generic.Pagination`1.Total">
            <summary>
              The total number of items across all pages.
            </summary>
            <value>The total count of items.</value>
        </member>
        <member name="P:ArmoniK.Extension.CSharp.Client.Common.Generic.Pagination`1.SortDirection">
            <summary>
              The sorting direction for pagination results.
            </summary>
            <value>The direction in which the sorted data should be ordered (e.g., ascending, descending).</value>
        </member>
        <member name="P:ArmoniK.Extension.CSharp.Client.Common.Generic.Pagination`1.Filter">
            <summary>
              The filter used for the pagination.
            </summary>
            <value>The filter criteria used to determine which items appear in the pagination.</value>
        </member>
        <member name="T:ArmoniK.Extension.CSharp.Client.Common.Properties">
            <summary>
              The properties class to set all configuration of the service
              1. The connection information
              2. The Option configuration AppSettings
              The ssl mTLS certificate if needed to connect to the control plane
            </summary>
        </member>
        <member name="F:ArmoniK.Extension.CSharp.Client.Common.Properties.Grpc">
            <summary>
              Returns the section key Grpc from appSettings.json
            </summary>
        </member>
        <member name="M:ArmoniK.Extension.CSharp.Client.Common.Properties.#ctor(System.String,System.Collections.Generic.IEnumerable{System.String},System.Int32,System.String,System.String,System.String,System.String,System.String,System.Nullable{System.Boolean})">
            <summary>
              The constructor to instantiate Properties object
            </summary>
            <param name="connectionAddress">The control plane address to connect</param>
            <param name="partitionIds"></param>
            <param name="connectionPort">The optional port to connect to the control plane</param>
            <param name="protocol">the protocol https or http</param>
            <param name="clientCertPem">The client certificate fil in a pem format</param>
            <param name="clientKeyPem">The client key file in a pem format</param>
            <param name="clientP12">The client certificate in a P12/Pkcs12/PFX format</param>
            <param name="caCertPem">The Server certificate file to validate mTLS</param>
            <param name="sslValidation">Disable the ssl strong validation of ssl certificate (default : enable => true)</param>
        </member>
        <member name="M:ArmoniK.Extension.CSharp.Client.Common.Properties.#ctor(Microsoft.Extensions.Configuration.IConfiguration,System.Collections.Generic.IEnumerable{System.String},System.String,System.Int32,System.String,System.String,System.String,System.String,System.String,System.Nullable{System.Boolean},System.TimeSpan,System.Double,System.TimeSpan)">
            <summary>
              The constructor to instantiate Properties object
            </summary>
            <param name="configuration">The configuration to read information from AppSettings file</param>
            <param name="partitionIds"></param>
            <param name="connectionAddress">The control plane address to connect</param>
            <param name="connectionPort">The optional port to connect to the control plane</param>
            <param name="protocol">the protocol https or http</param>
            <param name="caCertPem">The Server certificate file to validate mTLS</param>
            <param name="clientCertFilePem">The client certificate fil in a pem format</param>
            <param name="clientKeyFilePem">The client key file in a pem format</param>
            <param name="clientP12">The client certificate in a P12/Pkcs12/PFX format</param>
            <param name="sslValidation">Disable the ssl strong validation of ssl certificate (default : enable => true)</param>
            <param name="retryInitialBackoff">Initial retry backoff delay</param>
            <param name="retryBackoffMultiplier">Retry backoff multiplier</param>
            <param name="retryMaxBackoff">Max retry backoff</param>
            <exception cref="T:System.ArgumentException"></exception>
        </member>
        <member name="P:ArmoniK.Extension.CSharp.Client.Common.Properties.ControlPlaneUri">
            <summary>
              The control plane url to connect
            </summary>
        </member>
        <member name="P:ArmoniK.Extension.CSharp.Client.Common.Properties.CaCertFilePem">
            <summary>
              The path to the CA Root file name
            </summary>
        </member>
        <member name="P:ArmoniK.Extension.CSharp.Client.Common.Properties.ClientCertFilePem">
            <summary>
              The property to get the path of the certificate file
            </summary>
        </member>
        <member name="P:ArmoniK.Extension.CSharp.Client.Common.Properties.ClientKeyFilePem">
            <summary>
              the property to get the path of the key certificate
            </summary>
        </member>
        <member name="P:ArmoniK.Extension.CSharp.Client.Common.Properties.ClientP12File">
            <summary>
              the property to get the path of the certificate in P12/Pkcs12/PFX format
            </summary>
        </member>
        <member name="P:ArmoniK.Extension.CSharp.Client.Common.Properties.ConfSSLValidation">
            <summary>
              The SSL validation property to disable SSL strong verification
            </summary>
        </member>
        <member name="P:ArmoniK.Extension.CSharp.Client.Common.Properties.ConfSslValidation">
            <summary>
              The SSL validation property to disable SSL strong verification
            </summary>
        </member>
        <member name="P:ArmoniK.Extension.CSharp.Client.Common.Properties.Configuration">
            <summary>
              The configuration property to give to the ClientService connector
            </summary>
        </member>
        <member name="P:ArmoniK.Extension.CSharp.Client.Common.Properties.ConnectionString">
            <summary>
              The connection string building the value Port Protocol and address
            </summary>
        </member>
        <member name="P:ArmoniK.Extension.CSharp.Client.Common.Properties.Protocol">
            <summary>
              Secure or insecure protocol communication https or http (Default http)
            </summary>
        </member>
        <member name="P:ArmoniK.Extension.CSharp.Client.Common.Properties.ConnectionAddress">
            <summary>
              The connection address property to connect to the control plane
            </summary>
        </member>
        <member name="P:ArmoniK.Extension.CSharp.Client.Common.Properties.ConnectionPort">
            <summary>
              The option connection port to connect to control plane (Default : 5001)
            </summary>
        </member>
        <member name="P:ArmoniK.Extension.CSharp.Client.Common.Properties.PartitionIds">
            <summary>
              The TaskOptions to pass to the session or the submission session
            </summary>
        </member>
        <member name="P:ArmoniK.Extension.CSharp.Client.Common.Properties.TargetNameOverride">
            <summary>
              The target name of the endpoint when ssl validation is disabled. Automatic if not set.
            </summary>
        </member>
        <member name="P:ArmoniK.Extension.CSharp.Client.Common.Properties.RetryInitialBackoff">
            <summary>
              Initial backoff from retries
            </summary>
        </member>
        <member name="P:ArmoniK.Extension.CSharp.Client.Common.Properties.RetryBackoffMultiplier">
            <summary>
              Backoff multiplier for retries
            </summary>
        </member>
        <member name="P:ArmoniK.Extension.CSharp.Client.Common.Properties.RetryMaxBackoff">
            <summary>
              Max backoff for retries
            </summary>
        </member>
        <member name="T:ArmoniK.Extension.CSharp.Client.Common.Services.IBlobService">
            <summary>
              Defines a service for managing blobs, including creating, downloading, and uploading blobs and their metadata.
            </summary>
        </member>
        <member name="M:ArmoniK.Extension.CSharp.Client.Common.Services.IBlobService.CreateBlobsMetadataAsync(ArmoniK.Extension.CSharp.Client.Common.Domain.Session.SessionInfo,System.Collections.Generic.IEnumerable{System.String},System.Threading.CancellationToken)">
            <summary>
              Asynchronously creates metadata for multiple blobs in a given session.
            </summary>
            <param name="session">The session information in which the blobs are created.</param>
            <param name="names">The names of the blobs to create metadata for.</param>
            <param name="cancellationToken">A token to monitor for cancellation requests.</param>
            <returns>An asynchronous enumerable of blob information objects.</returns>
        </member>
        <member name="M:ArmoniK.Extension.CSharp.Client.Common.Services.IBlobService.CreateBlobAsync(ArmoniK.Extension.CSharp.Client.Common.Domain.Session.SessionInfo,System.String,System.ReadOnlyMemory{System.Byte},System.Threading.CancellationToken)">
            <summary>
              Asynchronously creates a blob with the specified content in a given session.
            </summary>
            <param name="session">The session information in which the blob is created.</param>
            <param name="name">The name of the blob to create.</param>
            <param name="content">The content of the blob to create.</param>
            <param name="cancellationToken">A token to monitor for cancellation requests.</param>
            <returns>A task representing the asynchronous operation. The task result contains the created blob information.</returns>
        </member>
        <member name="M:ArmoniK.Extension.CSharp.Client.Common.Services.IBlobService.CreateBlobsAsync(ArmoniK.Extension.CSharp.Client.Common.Domain.Session.SessionInfo,System.Collections.Generic.IEnumerable{System.Collections.Generic.KeyValuePair{System.String,System.ReadOnlyMemory{System.Byte}}},System.Threading.CancellationToken)">
            <summary>
              Asynchronously creates multiple blobs with the specified names and contents in a given session.
            </summary>
            <param name="session">The session information in which the blobs are created.</param>
            <param name="blobKeyValuePairs">The key-value pairs representing blob names and their contents.</param>
            <param name="cancellationToken">A token to monitor for cancellation requests.</param>
            <returns>An asynchronous enumerable of blob information objects.</returns>
        </member>
        <member name="M:ArmoniK.Extension.CSharp.Client.Common.Services.IBlobService.DownloadBlobAsync(ArmoniK.Extension.CSharp.Client.Common.Domain.Blob.BlobInfo,System.Threading.CancellationToken)">
            <summary>
              Asynchronously downloads the content of a blob.
            </summary>
            <param name="blobInfo">The information of the blob to download.</param>
            <param name="cancellationToken">A token to monitor for cancellation requests.</param>
            <returns>A task representing the asynchronous operation. The task result contains the blob content as a byte array.</returns>
        </member>
        <member name="M:ArmoniK.Extension.CSharp.Client.Common.Services.IBlobService.DownloadBlobWithChunksAsync(ArmoniK.Extension.CSharp.Client.Common.Domain.Blob.BlobInfo,System.Threading.CancellationToken)">
            <summary>
              Asynchronously downloads the content of a blob in chunks.
            </summary>
            <param name="blobInfo">The information of the blob to download.</param>
            <param name="cancellationToken">A token to monitor for cancellation requests.</param>
            <returns>An asynchronous enumerable of byte arrays representing the blob content chunks.</returns>
        </member>
        <member name="M:ArmoniK.Extension.CSharp.Client.Common.Services.IBlobService.GetBlobStateAsync(ArmoniK.Extension.CSharp.Client.Common.Domain.Blob.BlobInfo,System.Threading.CancellationToken)">
            <summary>
              Asynchronously retrieves the state of a blob.
            </summary>
            <param name="blobInfo">The information of the blob to retrieve the state for.</param>
            <param name="cancellationToken">A token to monitor for cancellation requests.</param>
            <returns>A task representing the asynchronous operation. The task result contains the blob state.</returns>
        </member>
        <member name="M:ArmoniK.Extension.CSharp.Client.Common.Services.IBlobService.ListBlobsAsync(ArmoniK.Extension.CSharp.Client.Common.Domain.Blob.BlobPagination,System.Threading.CancellationToken)">
            <summary>
              Asynchronously lists blobs based on pagination options.
            </summary>
            <param name="blobPagination">The options for pagination, including page number, page size, and sorting.</param>
            <param name="cancellationToken">A token to monitor for cancellation requests.</param>
            <returns>An asynchronous enumerable of blob pages.</returns>
        </member>
        <member name="T:ArmoniK.Extension.CSharp.Client.Common.Services.BlobServiceExt">
            <summary>
              Provides extension methods for the <see cref="T:ArmoniK.Extension.CSharp.Client.Common.Services.IBlobService" /> interface.
            </summary>
        </member>
        <member name="M:ArmoniK.Extension.CSharp.Client.Common.Services.BlobServiceExt.CreateBlobsMetadataAsync(ArmoniK.Extension.CSharp.Client.Common.Services.IBlobService,ArmoniK.Extension.CSharp.Client.Common.Domain.Session.SessionInfo,System.Int32,System.Threading.CancellationToken)">
            <summary>
              Asynchronously creates metadata for a specified number of blobs in a given session.
            </summary>
            <param name="blobService">The blob service instance.</param>
            <param name="session">The session information in which the blobs are created.</param>
            <param name="quantity">The number of blobs to create metadata for.</param>
            <param name="cancellationToken">A token to monitor for cancellation requests.</param>
            <returns>An asynchronous enumerable of blob information objects.</returns>
        </member>
        <member name="M:ArmoniK.Extension.CSharp.Client.Common.Services.BlobServiceExt.ListAllBlobsAsync(ArmoniK.Extension.CSharp.Client.Common.Services.IBlobService,ArmoniK.Extension.CSharp.Client.Common.Domain.Session.SessionInfo,System.Int32,System.Threading.CancellationToken)">
            <summary>
              Asynchronously lists all blobs in a given session with support for pagination.
            </summary>
            <param name="blobService">The blob service instance.</param>
            <param name="session">The session information in which the blobs are listed.</param>
            <param name="pageSize">The number of blobs to retrieve per page.</param>
            <param name="cancellationToken">A token to monitor for cancellation requests.</param>
            <returns>An asynchronous enumerable of blob pages.</returns>
        </member>
        <member name="T:ArmoniK.Extension.CSharp.Client.Common.Services.IEventsService">
            <summary>
              Defines a service for handling events related to a session.
            </summary>
        </member>
        <member name="M:ArmoniK.Extension.CSharp.Client.Common.Services.IEventsService.WaitForBlobsAsync(ArmoniK.Extension.CSharp.Client.Common.Domain.Session.SessionInfo,System.Collections.Generic.ICollection{ArmoniK.Extension.CSharp.Client.Common.Domain.Blob.BlobInfo},System.Threading.CancellationToken)">
            <summary>
              Asynchronously waits for the specified blobs to become available in the given session.
            </summary>
            <param name="session">The session information in which the blobs are expected.</param>
            <param name="blobInfos">The collection of blob information objects to wait for.</param>
            <param name="cancellationToken">A token to monitor for cancellation requests.</param>
            <returns>A task representing the asynchronous operation.</returns>
        </member>
        <member name="T:ArmoniK.Extension.CSharp.Client.Common.Services.EventsServiceExt">
            <summary>
              Provides extension methods for the <see cref="T:ArmoniK.Extension.CSharp.Client.Common.Services.IEventsService" /> interface.
            </summary>
        </member>
        <member name="M:ArmoniK.Extension.CSharp.Client.Common.Services.EventsServiceExt.WaitForBlobsAsync(ArmoniK.Extension.CSharp.Client.Common.Services.IEventsService,ArmoniK.Extension.CSharp.Client.Common.Domain.Session.SessionInfo,System.Collections.Generic.ICollection{System.String},System.Threading.CancellationToken)">
            <summary>
              Asynchronously waits for the specified blobs, identified by their IDs, to become available in the given session.
            </summary>
            <param name="eventsService">The events service instance.</param>
            <param name="session">The session information in which the blobs are expected.</param>
            <param name="blobInfos">The collection of blob IDs to wait for.</param>
            <param name="cancellationToken">A token to monitor for cancellation requests.</param>
            <returns>A task representing the asynchronous operation.</returns>
        </member>
        <member name="T:ArmoniK.Extension.CSharp.Client.Common.Services.IHealthCheckService">
            <summary>
              Defines a service for performing health checks on the system components.
            </summary>
        </member>
        <member name="M:ArmoniK.Extension.CSharp.Client.Common.Services.IHealthCheckService.GetHealth(System.Threading.CancellationToken)">
            <summary>
              Asynchronously retrieves the health status of the system components.
            </summary>
            <param name="cancellationToken">A token to monitor for cancellation requests.</param>
            <returns>An asynchronous enumerable of health statuses.</returns>
        </member>
        <member name="T:ArmoniK.Extension.CSharp.Client.Common.Services.IPartitionsService">
            <summary>
              Defines a service for managing partitions, including retrieval and listing of partitions.
            </summary>
        </member>
        <member name="M:ArmoniK.Extension.CSharp.Client.Common.Services.IPartitionsService.GetPartitionAsync(System.String,System.Threading.CancellationToken)">
            <summary>
              Asynchronously retrieves a partition by its identifier.
            </summary>
            <param name="partitionId">The identifier of the partition to retrieve.</param>
            <param name="cancellationToken">A token to monitor for cancellation requests.</param>
            <returns>A task representing the asynchronous operation. The task result contains the partition information.</returns>
        </member>
        <member name="M:ArmoniK.Extension.CSharp.Client.Common.Services.IPartitionsService.ListPartitionsAsync(ArmoniK.Extension.CSharp.Client.Common.Domain.Partition.PartitionPagination,System.Threading.CancellationToken)">
            <summary>
              Asynchronously lists partitions based on pagination options.
            </summary>
            <param name="partitionPagination">The options for pagination, including page number, page size, and sorting.</param>
            <param name="cancellationToken">A token to monitor for cancellation requests.</param>
            <returns>An asynchronous enumerable of tuples containing the total count and partition information.</returns>
        </member>
        <member name="T:ArmoniK.Extension.CSharp.Client.Common.Services.PartitionsServiceExt">
            <summary>
              Provides extension methods for the <see cref="T:ArmoniK.Extension.CSharp.Client.Common.Services.IPartitionsService" /> interface.
            </summary>
        </member>
        <member name="M:ArmoniK.Extension.CSharp.Client.Common.Services.PartitionsServiceExt.ListAllPartitionsAsync(ArmoniK.Extension.CSharp.Client.Common.Services.IPartitionsService,System.Int32,System.Threading.CancellationToken)">
            <summary>
              Asynchronously lists all partitions with support for pagination.
            </summary>
            <param name="partitionService">The partition service instance.</param>
            <param name="pageSize">The number of partitions to retrieve per page.</param>
            <param name="cancellationToken">A token to monitor for cancellation requests.</param>
            <returns>An asynchronous enumerable of partitions.</returns>
        </member>
        <member name="T:ArmoniK.Extension.CSharp.Client.Common.Services.ISessionService">
            <summary>
              Defines a service for managing sessions, including creating, canceling, closing, and modifying sessions.
            </summary>
        </member>
        <member name="M:ArmoniK.Extension.CSharp.Client.Common.Services.ISessionService.CreateSessionAsync(System.Threading.CancellationToken)">
            <summary>
              Asynchronously creates a new session.
            </summary>
            <param name="cancellationToken">A token to monitor for cancellation requests.</param>
            <returns>A task representing the asynchronous operation. The task result contains the created session information.</returns>
        </member>
        <member name="M:ArmoniK.Extension.CSharp.Client.Common.Services.ISessionService.CancelSessionAsync(ArmoniK.Extension.CSharp.Client.Common.Domain.Session.SessionInfo,System.Threading.CancellationToken)">
            <summary>
              Asynchronously cancels a specified session.
            </summary>
            <param name="session">The session information to cancel.</param>
            <param name="cancellationToken">A token to monitor for cancellation requests.</param>
            <returns>A task representing the asynchronous operation.</returns>
        </member>
        <member name="M:ArmoniK.Extension.CSharp.Client.Common.Services.ISessionService.CloseSessionAsync(ArmoniK.Extension.CSharp.Client.Common.Domain.Session.SessionInfo,System.Threading.CancellationToken)">
            <summary>
              Asynchronously closes a specified session.
            </summary>
            <param name="session">The session information to close.</param>
            <param name="cancellationToken">A token to monitor for cancellation requests.</param>
            <returns>A task representing the asynchronous operation.</returns>
        </member>
        <member name="M:ArmoniK.Extension.CSharp.Client.Common.Services.ISessionService.PauseSessionAsync(ArmoniK.Extension.CSharp.Client.Common.Domain.Session.SessionInfo,System.Threading.CancellationToken)">
            <summary>
              Asynchronously pauses a specified session.
            </summary>
            <param name="session">The session information to pause.</param>
            <param name="cancellationToken">A token to monitor for cancellation requests.</param>
            <returns>A task representing the asynchronous operation.</returns>
        </member>
        <member name="M:ArmoniK.Extension.CSharp.Client.Common.Services.ISessionService.StopSubmissionAsync(ArmoniK.Extension.CSharp.Client.Common.Domain.Session.SessionInfo,System.Threading.CancellationToken)">
            <summary>
              Asynchronously stops submissions for a specified session.
            </summary>
            <param name="session">The session information to stop submissions for.</param>
            <param name="cancellationToken">A token to monitor for cancellation requests.</param>
            <returns>A task representing the asynchronous operation.</returns>
        </member>
        <member name="M:ArmoniK.Extension.CSharp.Client.Common.Services.ISessionService.ResumeSessionAsync(ArmoniK.Extension.CSharp.Client.Common.Domain.Session.SessionInfo,System.Threading.CancellationToken)">
            <summary>
              Asynchronously resumes a specified session.
            </summary>
            <param name="session">The session information to resume.</param>
            <param name="cancellationToken">A token to monitor for cancellation requests.</param>
            <returns>A task representing the asynchronous operation.</returns>
        </member>
        <member name="M:ArmoniK.Extension.CSharp.Client.Common.Services.ISessionService.PurgeSessionAsync(ArmoniK.Extension.CSharp.Client.Common.Domain.Session.SessionInfo,System.Threading.CancellationToken)">
            <summary>
              Asynchronously purges a specified session, removing all data associated with it.
            </summary>
            <param name="session">The session information to purge.</param>
            <param name="cancellationToken">A token to monitor for cancellation requests.</param>
            <returns>A task representing the asynchronous operation.</returns>
        </member>
        <member name="M:ArmoniK.Extension.CSharp.Client.Common.Services.ISessionService.DeleteSessionAsync(ArmoniK.Extension.CSharp.Client.Common.Domain.Session.SessionInfo,System.Threading.CancellationToken)">
            <summary>
              Asynchronously deletes a specified session.
            </summary>
            <param name="session">The session information to delete.</param>
            <param name="cancellationToken">A token to monitor for cancellation requests.</param>
            <returns>A task representing the asynchronous operation.</returns>
        </member>
        <member name="T:ArmoniK.Extension.CSharp.Client.Common.Services.ITasksService">
            <summary>
              Defines a service for managing tasks, including submission, retrieval, and cancellation of tasks.
            </summary>
        </member>
        <member name="M:ArmoniK.Extension.CSharp.Client.Common.Services.ITasksService.SubmitTasksAsync(ArmoniK.Extension.CSharp.Client.Common.Domain.Session.SessionInfo,System.Collections.Generic.IEnumerable{ArmoniK.Extension.CSharp.Client.Common.Domain.Task.TaskNode},System.Threading.CancellationToken)">
            <summary>
              Asynchronously submits a collection of tasks for a given session.
            </summary>
            <param name="session">The session information to which the tasks belong.</param>
            <param name="taskNodes">The tasks to be submitted.</param>
            <param name="cancellationToken">A token to monitor for cancellation requests.</param>
            <returns>A task representing the asynchronous operation. The task result contains an enumerable of task information.</returns>
        </member>
        <member name="M:ArmoniK.Extension.CSharp.Client.Common.Services.ITasksService.ListTasksAsync(ArmoniK.Extension.CSharp.Client.Common.Domain.Task.TaskPagination,System.Threading.CancellationToken)">
            <summary>
              Asynchronously lists tasks based on pagination options.
            </summary>
            <param name="paginationOptions">The options for pagination, including page number, page size, and sorting.</param>
            <param name="cancellationToken">A token to monitor for cancellation requests.</param>
            <returns>An asynchronous enumerable of task pages.</returns>
        </member>
        <member name="M:ArmoniK.Extension.CSharp.Client.Common.Services.ITasksService.GetTasksDetailedAsync(System.String,System.Threading.CancellationToken)">
            <summary>
              Asynchronously retrieves detailed information about a specific task.
            </summary>
            <param name="taskId">The identifier of the task to retrieve details for.</param>
            <param name="cancellationToken">A token to monitor for cancellation requests.</param>
            <returns>A task representing the asynchronous operation. The task result contains the detailed task state.</returns>
        </member>
        <member name="M:ArmoniK.Extension.CSharp.Client.Common.Services.ITasksService.ListTasksDetailedAsync(ArmoniK.Extension.CSharp.Client.Common.Domain.Session.SessionInfo,ArmoniK.Extension.CSharp.Client.Common.Domain.Task.TaskPagination,System.Threading.CancellationToken)">
            <summary>
              Asynchronously lists detailed task information based on session and pagination options.
            </summary>
            <param name="session">The session information to which the tasks belong.</param>
            <param name="paginationOptions">The options for pagination, including page number, page size, and sorting.</param>
            <param name="cancellationToken">A token to monitor for cancellation requests.</param>
            <returns>An asynchronous enumerable of detailed task pages.</returns>
        </member>
        <member name="M:ArmoniK.Extension.CSharp.Client.Common.Services.ITasksService.CancelTask(System.Collections.Generic.IEnumerable{System.String},System.Threading.CancellationToken)">
            <summary>
              Asynchronously cancels a collection of tasks based on their identifiers.
            </summary>
            <param name="taskIds">The identifiers of the tasks to cancel.</param>
            <param name="cancellationToken">A token to monitor for cancellation requests.</param>
            <returns>A task representing the asynchronous operation.</returns>
        </member>
        <member name="T:ArmoniK.Extension.CSharp.Client.Common.Services.TasksServiceExt">
            <summary>
              Provides extension methods for the <see cref="T:ArmoniK.Extension.CSharp.Client.Common.Services.ITasksService" /> interface.
            </summary>
        </member>
        <member name="M:ArmoniK.Extension.CSharp.Client.Common.Services.TasksServiceExt.GetTasksAsync(ArmoniK.Extension.CSharp.Client.Common.Services.ITasksService,System.Collections.Generic.IEnumerable{System.String},System.Int32,System.Threading.CancellationToken)">
            <summary>
              Asynchronously retrieves tasks based on their identifiers, with support for pagination.
            </summary>
            <param name="taskService">The task service instance.</param>
            <param name="taskIds">The identifiers of the tasks to retrieve.</param>
            <param name="pageSize">The number of tasks to retrieve per page.</param>
            <param name="cancellationToken">A token to monitor for cancellation requests.</param>
            <returns>An asynchronous enumerable of task pages.</returns>
        </member>
        <member name="M:ArmoniK.Extension.CSharp.Client.Common.Services.TasksServiceExt.TaskIdFilter(System.String)">
            <summary>
              Creates a filter for a task based on its identifier.
            </summary>
            <param name="taskId">The identifier of the task to filter.</param>
            <returns>A filter that matches the specified task identifier.</returns>
        </member>
        <member name="T:ArmoniK.Extension.CSharp.Client.Common.Services.IVersionsService">
            <summary>
              Defines a service for retrieving version information.
            </summary>
        </member>
        <member name="M:ArmoniK.Extension.CSharp.Client.Common.Services.IVersionsService.GetVersion(System.Threading.CancellationToken)">
            <summary>
              Asynchronously retrieves version information.
            </summary>
            <param name="cancellationToken">A token to monitor for cancellation requests.</param>
            <returns>A task representing the asynchronous operation. The task result contains the version information.</returns>
        </member>
        <member name="T:ArmoniK.Extension.CSharp.Client.Factory.BlobServiceFactory">
            <summary>
              Provides a factory method for creating instances of <see cref="T:ArmoniK.Extension.CSharp.Client.Common.Services.IBlobService" />.
            </summary>
        </member>
        <member name="M:ArmoniK.Extension.CSharp.Client.Factory.BlobServiceFactory.CreateBlobService(ArmoniK.Utils.ObjectPool{Grpc.Core.ChannelBase},Microsoft.Extensions.Logging.ILoggerFactory)">
            <summary>
              Creates an instance of <see cref="T:ArmoniK.Extension.CSharp.Client.Common.Services.IBlobService" /> using the specified GRPC channel and an optional logger factory.
            </summary>
            <param name="channel">
              An object pool that manages GRPC channels, providing efficient handling and reuse of channel
              resources.
            </param>
            <param name="loggerFactory">
              An optional factory for creating loggers, which can be used to enable logging within the
              blob service. If null, logging will be disabled.
            </param>
            <returns>An instance of <see cref="T:ArmoniK.Extension.CSharp.Client.Common.Services.IBlobService" /> configured with the provided parameters.</returns>
        </member>
        <member name="T:ArmoniK.Extension.CSharp.Client.Factory.EventsServiceFactory">
            <summary>
              Provides a factory method for creating instances of <see cref="T:ArmoniK.Extension.CSharp.Client.Common.Services.IEventsService" />.
            </summary>
        </member>
        <member name="M:ArmoniK.Extension.CSharp.Client.Factory.EventsServiceFactory.CreateEventsService(ArmoniK.Utils.ObjectPool{Grpc.Core.ChannelBase},Microsoft.Extensions.Logging.ILoggerFactory)">
            <summary>
              Creates an instance of <see cref="T:ArmoniK.Extension.CSharp.Client.Common.Services.IEventsService" /> using the specified GRPC channel and an optional logger
              factory.
            </summary>
            <param name="channel">
              An object pool that manages GRPC channels, providing efficient handling and reuse of channel
              resources.
            </param>
            <param name="loggerFactory">
              An optional factory for creating loggers, which can be used to enable logging within the
              events service. If null, logging will be disabled.
            </param>
            <returns>An instance of <see cref="T:ArmoniK.Extension.CSharp.Client.Common.Services.IEventsService" /> configured with the provided parameters.</returns>
        </member>
        <member name="T:ArmoniK.Extension.CSharp.Client.Factory.HealthCheckServiceFactory">
            <summary>
              Provides a factory method for creating instances of <see cref="T:ArmoniK.Extension.CSharp.Client.Common.Services.IHealthCheckService" />.
            </summary>
        </member>
        <member name="M:ArmoniK.Extension.CSharp.Client.Factory.HealthCheckServiceFactory.CreateHealthCheckService(ArmoniK.Utils.ObjectPool{Grpc.Core.ChannelBase},Microsoft.Extensions.Logging.ILoggerFactory)">
            <summary>
              Creates an instance of <see cref="T:ArmoniK.Extension.CSharp.Client.Common.Services.IHealthCheckService" /> using the specified GRPC channel and an optional logger
              factory.
            </summary>
            <param name="channel">
              An object pool that manages GRPC channels, providing efficient handling and reuse of channel
              resources.
            </param>
            <param name="loggerFactory">
              An optional factory for creating loggers, which can be used to enable logging within the
              health check service. If null, logging will be disabled.
            </param>
            <returns>An instance of <see cref="T:ArmoniK.Extension.CSharp.Client.Common.Services.IHealthCheckService" /> configured with the provided parameters.</returns>
        </member>
        <member name="T:ArmoniK.Extension.CSharp.Client.Factory.PartitionsServiceFactory">
            <summary>
              Provides a static factory method for creating instances of <see cref="T:ArmoniK.Extension.CSharp.Client.Common.Services.IPartitionsService" />.
              This service is responsible for managing data partitioning across different nodes or services.
            </summary>
        </member>
        <member name="M:ArmoniK.Extension.CSharp.Client.Factory.PartitionsServiceFactory.CreatePartitionsService(ArmoniK.Utils.ObjectPool{Grpc.Core.ChannelBase},Microsoft.Extensions.Logging.ILoggerFactory)">
            <summary>
              Creates an instance of <see cref="T:ArmoniK.Extension.CSharp.Client.Common.Services.IPartitionsService" /> using the specified GRPC channel and an optional logger
              factory.
            </summary>
            <param name="channel">
              An object pool that manages GRPC channels, providing efficient handling and reuse of channel
              resources.
            </param>
            <param name="loggerFactory">
              An optional factory for creating loggers, which can be used to enable logging within the
              partitions service. If null, logging will be disabled.
            </param>
            <returns>An instance of <see cref="T:ArmoniK.Extension.CSharp.Client.Common.Services.IPartitionsService" /> configured with the provided parameters.</returns>
        </member>
        <member name="T:ArmoniK.Extension.CSharp.Client.Factory.SessionServiceFactory">
            <summary>
              Provides a static factory method for creating instances of <see cref="T:ArmoniK.Extension.CSharp.Client.Common.Services.ISessionService" />.
            </summary>
        </member>
        <member name="M:ArmoniK.Extension.CSharp.Client.Factory.SessionServiceFactory.CreateSessionService(ArmoniK.Utils.ObjectPool{Grpc.Core.ChannelBase},ArmoniK.Extension.CSharp.Client.Common.Properties,ArmoniK.Extension.CSharp.Client.Common.Domain.Task.TaskConfiguration,Microsoft.Extensions.Logging.ILoggerFactory)">
            <summary>
              Creates an instance of <see cref="T:ArmoniK.Extension.CSharp.Client.Common.Services.ISessionService" /> using the specified GRPC channel, application properties, and
              an optional logger factory.
            </summary>
            <param name="channel">
              An object pool that manages GRPC channels, providing efficient handling and reuse of channel
              resources.
            </param>
            <param name="properties">A collection of configuration properties used to configure the session service.</param>
            <param name="taskConfiguration">The default task configuration.</param>
            <param name="loggerFactory">
              An optional factory for creating loggers, which can be used to enable logging within the
              session service. If null, logging will be disabled.
            </param>
            <returns>An instance of <see cref="T:ArmoniK.Extension.CSharp.Client.Common.Services.ISessionService" /> configured with the provided parameters.</returns>
        </member>
        <member name="T:ArmoniK.Extension.CSharp.Client.Factory.TasksServiceFactory">
            <summary>
              Provides a factory method to create instances of the task service.
            </summary>
        </member>
        <member name="M:ArmoniK.Extension.CSharp.Client.Factory.TasksServiceFactory.CreateTaskService(ArmoniK.Utils.ObjectPool{Grpc.Core.ChannelBase},ArmoniK.Extension.CSharp.Client.Common.Services.IBlobService,Microsoft.Extensions.Logging.ILoggerFactory)">
            <summary>
              Creates an instance of <see cref="T:ArmoniK.Extension.CSharp.Client.Common.Services.ITasksService" /> using the specified GRPC channel, blob service, and an optional
              logger factory.
            </summary>
            <param name="channel">An object pool that manages GRPC channels. This provides efficient handling of channel resources.</param>
            <param name="blobService">The blob service to be used for blob manipulation operations within the task service.</param>
            <param name="loggerFactory">
              An optional logger factory to enable logging within the task service. If null, logging will
              be disabled.
            </param>
            <returns>An instance of <see cref="T:ArmoniK.Extension.CSharp.Client.Common.Services.ITasksService" /> that can be used to perform task operations.</returns>
        </member>
        <member name="T:ArmoniK.Extension.CSharp.Client.Factory.VersionsServiceFactory">
            <summary>
              Factory for creating a VersionService
            </summary>
        </member>
        <member name="M:ArmoniK.Extension.CSharp.Client.Factory.VersionsServiceFactory.CreateVersionsService(ArmoniK.Utils.ObjectPool{Grpc.Core.ChannelBase},Microsoft.Extensions.Logging.ILoggerFactory)">
            <summary>
              Method for creating a new VersionService
            </summary>
            <param name="channel">Grpc Channel</param>
            <param name="loggerFactory">Optional LoggerFactory</param>
            <returns></returns>
        </member>
        <member name="T:ArmoniK.Extension.CSharp.Client.Handlers.BlobHandler">
            <summary>
              Provides methods for handling operations related to blobs, such as retrieving state, downloading, and uploading
              blob data.
            </summary>
        </member>
        <member name="F:ArmoniK.Extension.CSharp.Client.Handlers.BlobHandler.ArmoniKClient">
            <summary>
              The ArmoniK client used for performing blob operations.
            </summary>
        </member>
        <member name="F:ArmoniK.Extension.CSharp.Client.Handlers.BlobHandler.BlobInfo">
            <summary>
              Information about the blob being handled.
            </summary>
        </member>
        <member name="M:ArmoniK.Extension.CSharp.Client.Handlers.BlobHandler.#ctor(ArmoniK.Extension.CSharp.Client.Common.Domain.Blob.BlobInfo,ArmoniK.Extension.CSharp.Client.ArmoniKClient)">
            <summary>
              Initializes a new instance of the <see cref="T:ArmoniK.Extension.CSharp.Client.Handlers.BlobHandler" /> class with specified blob information and an ArmoniK
              client.
            </summary>
            <param name="blobInfo">The information about the blob.</param>
            <param name="armoniKClient">The ArmoniK client used for performing blob operations.</param>
        </member>
        <member name="M:ArmoniK.Extension.CSharp.Client.Handlers.BlobHandler.#ctor(System.String,System.String,System.String,ArmoniK.Extension.CSharp.Client.ArmoniKClient)">
            <summary>
              Initializes a new instance of the <see cref="T:ArmoniK.Extension.CSharp.Client.Handlers.BlobHandler" /> class with specified blob details and an ArmoniK
              client.
            </summary>
            <param name="blobName">The name of the blob.</param>
            <param name="blobId">The identifier of the blob.</param>
            <param name="sessionId">The session identifier associated with the blob.</param>
            <param name="armoniKClient">The ArmoniK client used for performing blob operations.</param>
        </member>
        <member name="M:ArmoniK.Extension.CSharp.Client.Handlers.BlobHandler.GetBlobStateAsync(System.Threading.CancellationToken)">
            <summary>
              Asynchronously retrieves the state of the blob.
            </summary>
            <param name="cancellationToken">A token to monitor for cancellation requests.</param>
            <returns>A task representing the asynchronous operation. The task result contains the blob state.</returns>
        </member>
        <member name="M:ArmoniK.Extension.CSharp.Client.Handlers.BlobHandler.DownloadBlobData(System.Threading.CancellationToken)">
            <summary>
              Asynchronously downloads the data of the blob in chunks.
            </summary>
            <param name="cancellationToken">A token to monitor for cancellation requests.</param>
            <returns>An asynchronous enumerable of byte arrays representing the blob data chunks.</returns>
        </member>
        <member name="T:ArmoniK.Extension.CSharp.Client.Handlers.SessionHandler">
            <summary>
              Handles session management operations for an ArmoniK client, providing methods to control the lifecycle of a
              session.
            </summary>
        </member>
        <member name="M:ArmoniK.Extension.CSharp.Client.Handlers.SessionHandler.#ctor(ArmoniK.Extension.CSharp.Client.Common.Domain.Session.SessionInfo,ArmoniK.Extension.CSharp.Client.ArmoniKClient)">
            <summary>
              Initializes a new instance of the <see cref="T:ArmoniK.Extension.CSharp.Client.Handlers.SessionHandler" /> class.
            </summary>
            <param name="session">The session information for managing session-related operations.</param>
            <param name="armoniKClient">The ArmoniK client used to perform operations on the session.</param>
        </member>
        <member name="M:ArmoniK.Extension.CSharp.Client.Handlers.SessionHandler.CancelSessionAsync(System.Threading.CancellationToken)">
            <summary>
              Cancels the session asynchronously.
            </summary>
            <param name="cancellationToken">A token that allows processing to be cancelled.</param>
        </member>
        <member name="M:ArmoniK.Extension.CSharp.Client.Handlers.SessionHandler.CloseSessionAsync(System.Threading.CancellationToken)">
            <summary>
              Closes the session asynchronously.
            </summary>
            <param name="cancellationToken">A token that allows processing to be cancelled.</param>
        </member>
        <member name="M:ArmoniK.Extension.CSharp.Client.Handlers.SessionHandler.PauseSessionAsync(System.Threading.CancellationToken)">
            <summary>
              Pauses the session asynchronously.
            </summary>
            <param name="cancellationToken">A token that allows processing to be cancelled.</param>
        </member>
        <member name="M:ArmoniK.Extension.CSharp.Client.Handlers.SessionHandler.StopSubmissionAsync(System.Threading.CancellationToken)">
            <summary>
              Stops submissions to the session asynchronously.
            </summary>
            <param name="cancellationToken">A token that allows processing to be cancelled.</param>
        </member>
        <member name="M:ArmoniK.Extension.CSharp.Client.Handlers.SessionHandler.ResumeSessionAsync(System.Threading.CancellationToken)">
            <summary>
              Resumes the session asynchronously.
            </summary>
            <param name="cancellationToken">A token that allows processing to be cancelled.</param>
        </member>
        <member name="M:ArmoniK.Extension.CSharp.Client.Handlers.SessionHandler.PurgeSessionAsync(System.Threading.CancellationToken)">
            <summary>
              Purges the session asynchronously, removing all data associated with it.
            </summary>
            <param name="cancellationToken">A token that allows processing to be cancelled.</param>
        </member>
        <member name="M:ArmoniK.Extension.CSharp.Client.Handlers.SessionHandler.DeleteSessionAsync(System.Threading.CancellationToken)">
            <summary>
              Deletes the session asynchronously.
            </summary>
            <param name="cancellationToken">A token that allows processing to be cancelled.</param>
        </member>
        <member name="T:ArmoniK.Extension.CSharp.Client.Handlers.TaskHandler">
            <summary>
              Handles operations related to tasks using the ArmoniK client.
            </summary>
        </member>
        <member name="F:ArmoniK.Extension.CSharp.Client.Handlers.TaskHandler.ArmoniKClient">
            <summary>
              Gets the ArmoniK client used to interact with task services.
            </summary>
        </member>
        <member name="F:ArmoniK.Extension.CSharp.Client.Handlers.TaskHandler.taskInfos_">
            <summary>
              Gets the task information for which this handler will perform operations.
            </summary>
        </member>
        <member name="M:ArmoniK.Extension.CSharp.Client.Handlers.TaskHandler.#ctor(ArmoniK.Extension.CSharp.Client.ArmoniKClient,ArmoniK.Extension.CSharp.Client.Common.Domain.Task.TaskInfos)">
            <summary>
              Initializes a new instance of the <see cref="T:ArmoniK.Extension.CSharp.Client.Handlers.TaskHandler" /> class with a specified ArmoniK client and task
              information.
            </summary>
            <param name="armoniKClient">The ArmoniK client to be used for task service operations.</param>
            <param name="taskInfo">The task information related to the tasks that will be handled.</param>
        </member>
        <member name="M:ArmoniK.Extension.CSharp.Client.Handlers.TaskHandler.GetTaskDetails(System.Threading.CancellationToken)">
            <summary>
              Asynchronously retrieves detailed state information about the task associated with this handler.
            </summary>
            <param name="cancellationToken">A token that can be used to request cancellation of the asynchronous operation.</param>
            <returns>
              A <see cref="T:System.Threading.Tasks.Task`1" /> representing the asynchronous operation, with the task's detailed state as
              the result.
            </returns>
        </member>
    </members>
</doc>
